{
    "model": "efficient_b0",
    "dataset": "High Quality_f2f_data",
    "Acc": 0.5405405405405406,
    "F1-score": 0.6666666666666666,
    "Precision": 0.5151515151515151,
    "Recall": 0.9444444444444444
}