{
    "model": "Xception",
    "dataset": "Low Quality_f2f_data",
    "Acc": 0.5135135135135135,
    "F1-score": 0.6666666666666666,
    "Precision": 0.5,
    "Recall": 1.0
}