{
    "model": "EfficientNet",
    "dataset": "Low Quality_f2f_data",
    "Acc": 0.5879396984924623,
    "F1-score": 0.6057692307692307,
    "Precision": 0.5806451612903226,
    "Recall": 0.6331658291457286
}