{
    "model": "EfficientNet",
    "dataset": "High Quality_f2f_data",
    "Acc": 0.6256281407035176,
    "F1-score": 0.6005361930294907,
    "Precision": 0.6436781609195402,
    "Recall": 0.5628140703517588
}