{
    "model": "Xception",
    "dataset": "High Quality_nt_data",
    "Acc": 0.5678391959798995,
    "F1-score": 0.5700000000000001,
    "Precision": 0.5671641791044776,
    "Recall": 0.5728643216080402
}