{
    "model": "Xception",
    "dataset": "Low Quality_f2f_data",
    "Acc": 0.5678391959798995,
    "F1-score": 0.5943396226415095,
    "Precision": 0.56,
    "Recall": 0.6331658291457286
}